{"lr": 4e-08, "data_time": 8.318260431289673, "loss": 0.07900355011224747, "loss_cls": 0.06660103797912598, "loss_bbox": 0.01240251213312149, "time": 9.016733407974243, "epoch": 1, "iter": 1, "memory": 2526, "step": 1}
{"lr": 4.043963963963964e-06, "data_time": 4.160950660705566, "loss": 0.07451457530260086, "loss_cls": 0.06659209728240967, "loss_bbox": 0.00792247662320733, "time": 4.653707981109619, "epoch": 1, "iter": 2, "memory": 2583, "step": 2}
{"lr": 8.047927927927926e-06, "data_time": 2.775169769922892, "loss": 0.07803559799989064, "loss_cls": 0.06658987452586491, "loss_bbox": 0.011445721921821436, "time": 3.1880523363749185, "epoch": 1, "iter": 3, "memory": 2583, "step": 3}
{"lr": 1.205189189189189e-05, "data_time": 2.0820077657699585, "loss": 0.07877306640148163, "loss_cls": 0.0665397197008133, "loss_bbox": 0.01223334507085383, "time": 2.447016716003418, "epoch": 1, "iter": 4, "memory": 2583, "step": 4}
{"lr": 1.6055855855855853e-05, "data_time": 2.227029228210449, "loss": 0.07962289601564407, "loss_cls": 0.06648704558610916, "loss_bbox": 0.013135849125683307, "time": 2.563911247253418, "epoch": 1, "iter": 5, "memory": 2583, "step": 5}
{"lr": 2.0059819819819814e-05, "data_time": 1.8563001155853271, "loss": 0.08093057697017987, "loss_cls": 0.06640391051769257, "loss_bbox": 0.01452666474506259, "time": 2.181930104891459, "epoch": 1, "iter": 6, "memory": 2583, "step": 6}
{"lr": 2.4063783783783776e-05, "data_time": 1.5916498729160853, "loss": 0.08763732548270907, "loss_cls": 0.06632597425154277, "loss_bbox": 0.02131134976765939, "time": 1.9032389777047294, "epoch": 1, "iter": 7, "memory": 2583, "step": 7}
{"lr": 2.806774774774774e-05, "data_time": 1.3930256962776184, "loss": 0.08691155444830656, "loss_cls": 0.06623633671551943, "loss_bbox": 0.020675216452218592, "time": 1.6931758522987366, "epoch": 1, "iter": 8, "memory": 2583, "step": 8}
{"lr": 3.2071711711711706e-05, "data_time": 1.6907192601097956, "loss": 0.08610688315497504, "loss_cls": 0.06614269812901814, "loss_bbox": 0.01996418388767375, "time": 1.9841544893052843, "epoch": 1, "iter": 9, "memory": 2583, "step": 9}
{"lr": 3.607567567567567e-05, "data_time": 1.5220034837722778, "loss": 0.0918973445892334, "loss_cls": 0.06603963226079941, "loss_bbox": 0.0258577105589211, "time": 1.8083698749542236, "epoch": 1, "iter": 10, "memory": 2583, "step": 10}
{"lr": 4.0079639639639635e-05, "data_time": 1.3839027014645664, "loss": 0.10080715742978183, "loss_cls": 0.06599527258764613, "loss_bbox": 0.034811883233487606, "time": 1.6644898111169988, "epoch": 1, "iter": 11, "memory": 2583, "step": 11}
{"lr": 4.40836036036036e-05, "data_time": 1.2687926292419434, "loss": 0.1132039949297905, "loss_cls": 0.06588158011436462, "loss_bbox": 0.047322413961713515, "time": 1.5442847609519958, "epoch": 1, "iter": 12, "memory": 2583, "step": 12}
{"lr": 4.808756756756756e-05, "data_time": 1.4341758397909312, "loss": 0.1153534261079935, "loss_cls": 0.06576199371081132, "loss_bbox": 0.04959143218226158, "time": 1.705377432016226, "epoch": 1, "iter": 13, "memory": 2583, "step": 13}
{"lr": 5.209153153153152e-05, "data_time": 1.3318979399544852, "loss": 0.11656105092593602, "loss_cls": 0.06564024516514369, "loss_bbox": 0.0509208055612232, "time": 1.6010684967041016, "epoch": 1, "iter": 14, "memory": 2583, "step": 14}
{"lr": 5.609549549549549e-05, "data_time": 1.2432719707489013, "loss": 0.1226297249396642, "loss_cls": 0.0655120700597763, "loss_bbox": 0.057117654693623385, "time": 1.5094263394673666, "epoch": 1, "iter": 15, "memory": 2583, "step": 15}
{"lr": 6.0099459459459453e-05, "data_time": 1.1657256036996841, "loss": 0.12105110473930836, "loss_cls": 0.06537685031071305, "loss_bbox": 0.05567425402114168, "time": 1.4293537437915802, "epoch": 1, "iter": 16, "memory": 2583, "step": 16}
{"lr": 6.41034234234234e-05, "data_time": 1.3072476948008818, "loss": 0.12654385145972757, "loss_cls": 0.06523078899173175, "loss_bbox": 0.061313062084510046, "time": 1.568814431919771, "epoch": 1, "iter": 17, "memory": 2583, "step": 17}
{"lr": 6.810738738738738e-05, "data_time": 1.2347682979371812, "loss": 0.1262655154698425, "loss_cls": 0.06507259400354491, "loss_bbox": 0.061192921104116574, "time": 1.4944424231847127, "epoch": 1, "iter": 18, "memory": 2583, "step": 18}
